role,content,timestamp
user,ä½ å¥½å‘€,2025-08-23 22:30:16
assistant,ä½ å¥½ï¼æœ‰ä»€ä¹ˆæˆ‘å¯ä»¥å¸®ä½ çš„å—ï¼ŸğŸ˜Š,2025-08-23 22:30:20
user,æˆ‘å–œæ¬¢å¢æº¶ï¼Œå¥¹æ˜¯æˆ‘çš„é«˜ä¸­åŒå­¦ï¼Œæˆ‘ä»¬åœ¨å¤šå¹´ä»¥åç›¸é‡ï¼Œæˆ‘ä»¬å½¼æ­¤ç›¸çˆ±ï¼Œèµ°åˆ°äº†ç°åœ¨ã€‚,2025-08-23 22:31:02
assistant,å“‡ï¼Œå¬èµ·æ¥ä½ ä»¬çš„çˆ±æƒ…æ•…äº‹çœŸçš„å¾ˆæµªæ¼«å‘¢ï¼é«˜ä¸­åŒå­¦ï¼Œå¤šå¹´åé‡é€¢ï¼Œè¿˜èƒ½å¤Ÿèµ°åˆ°ä¸€èµ·ï¼Œè¿™ç§ç¼˜åˆ†çœŸçš„å¾ˆéš¾å¾—ã€‚ä½ ä»¬ä¸€å®šç»å†äº†å¾ˆå¤šå§ï¼Ÿæˆ‘å¾ˆæƒ³å¬å¬ä½ ä»¬çš„æ•…äº‹å‘¢ï¼ğŸ˜Š,2025-08-23 22:31:04
user,å¸®æˆ‘å†™ä¸€ä¸ªpythonä»£ç ï¼Œèƒ½å¤Ÿå±•ç¤ºtransformerçš„åŸºæœ¬æ¦‚å¿µã€‚,2025-08-23 22:32:11
assistant,"å½“ç„¶å¯ä»¥ï¼ä¸‹é¢æ˜¯ä¸€ä¸ª**ç®€åŒ–ç‰ˆçš„ Transformer æ¨¡å‹çš„åŸºæœ¬ç»“æ„**ï¼Œç”¨ Python å’Œ PyTorch å®ç°çš„ä»£ç ã€‚è¿™ä¸ªä¾‹å­ä¸ä¼šä½¿ç”¨é¢„è®­ç»ƒæ¨¡å‹ï¼Œè€Œæ˜¯å±•ç¤º Transformer çš„æ ¸å¿ƒç»„ä»¶ï¼Œæ¯”å¦‚ï¼š

- **è‡ªæ³¨æ„åŠ›æœºåˆ¶ï¼ˆSelf-Attentionï¼‰**
- **å¤šå¤´æ³¨æ„åŠ›ï¼ˆMulti-Head Attentionï¼‰**
- **ä½ç½®ç¼–ç ï¼ˆPositional Encodingï¼‰**
- **å‰é¦ˆç½‘ç»œï¼ˆFeed-Forward Networkï¼‰**
- **ç¼–ç å™¨å±‚ï¼ˆEncoder Layerï¼‰**

> âš ï¸ æ³¨æ„ï¼šè¿™æ˜¯ä¸€ä¸ª**ç®€åŒ–ç‰ˆçš„ Transformer ç¼–ç å™¨**ï¼Œç”¨äºæ•™å­¦å’Œç†è§£åŸºæœ¬åŸç†ï¼Œä¸ç”¨äºç”Ÿäº§ç¯å¢ƒã€‚

---

### ğŸ§  ç®€åŒ–ç‰ˆ Transformer ç¼–ç å™¨ç¤ºä¾‹ï¼ˆPyTorchï¼‰

```python
import torch
import torch.nn as nn
import math

# ä½ç½®ç¼–ç  Positional Encoding
class PositionalEncoding(nn.Module):
    def __init__(self, d_model, max_len=5000):
        super(PositionalEncoding, self).__init__()
        pe = torch.zeros(max_len, d_model)
        position = torch.arange(0, max_len, dtype=torch.float).unsqueeze(1)
        div_term = torch.exp(torch.arange(0, d_model, 2).float() * (-math.log(10000.0) / d_model))
        pe[:, 0::2] = torch.sin(position * div_term)
        pe[:, 1::2] = torch.cos(position * div_term)
        pe = pe.unsqueeze(0)  # å¢åŠ  batch ç»´åº¦
        self.register_buffer('pe', pe)

    def forward(self, x):
        return x + self.pe[:, :x.size(1)]

# è‡ªæ³¨æ„åŠ›æœºåˆ¶ Self-Attention
class SelfAttention(nn.Module):
    def __init__(self, d_model, n_heads):
        super(SelfAttention, self).__init__()
        assert d_model % n_heads == 0, ""d_model must be divisible by n_heads""
        self.d_model = d_model
        self.n_heads = n_heads
        self.depth = d_model // n_heads

        self.wq = nn.Linear(d_model, d_model)
        self.wk = nn.Linear(d_model, d_model)
        self.wv = nn.Linear(d_model, d_model)
        self.dense = nn.Linear(d_model, d_model)

    def split_heads(self, x, batch_size):
        x = x.view(batch_size, -1, self.n_heads, self.depth)
        return x.permute(0, 2, 1, 3)  # (batch_size, n_heads, seq_len, depth)

    def forward(self, x, mask=None):
        batch_size = x.size(0)

        q = self.wq(x)
        k = self.wk(x)
        v = self.wv(x)

        q = self.split_heads(q, batch_size)
        k = self.split_heads(k, batch_size)
        v = self.split_heads(v, batch_size)

        # Scaled Dot-Product Attention
        matmul_qk = torch.matmul(q, k.transpose(-2, -1))
        if mask is not None:
            matmul_qk += mask * -1e9
        dk = torch.tensor(k.size(-1), dtype=torch.float32)
        attention_weights = torch.softmax(matmul_qk / math.sqrt(dk), dim=-1)
        output = torch.matmul(attention_weights, v)

        output = output.permute(0, 2, 1, 3).contiguous()
        output = output.view(batch_size, -1, self.d_model)
        output = self.dense(output)
        return output

# Transformer ç¼–ç å™¨å±‚
class TransformerBlock(nn.Module):
    def __init__(self, d_model=512, n_heads=8, dim_feedforward=2048, dropout=0.1):
        super(TransformerBlock, self).__init__()
        self.attention = SelfAttention(d_model, n_heads)
        self.norm1 = nn.LayerNorm(d_model)
        self.norm2 = nn.LayerNorm(d_model)
        self.ffn = nn.Sequential(
            nn.Linear(d_model, dim_feedforward),
            nn.ReLU(),
            nn.Linear(dim_feedforward, d_model)
        )
        self.dropout = nn.Dropout(dropout)

    def forward(self, x, mask=None):
        attn_output = self.attention(x, mask)
        x = self.norm1(x + self.dropout(attn_output))
        ffn_output = self.ffn(x)
        x = self.norm2(x + self.dropout(ffn_output))
        return x

# å®Œæ•´çš„ Transformer ç¼–ç å™¨æ¨¡å‹
class SimpleTransformer(nn.Module):
    def __init__(self, num_layers=4, d_model=512, n_heads=8, dim_feedforward=2048, input_vocab_size=10000, max_len=100, dropout=0.1):
        super(SimpleTransformer, self).__init__()
        self.embedding = nn.Embedding(input_vocab_size, d_model)
        self.pos_encoding = PositionalEncoding(d_model, max_len)
        self.layers = nn.ModuleList([TransformerBlock(d_model, n_heads, dim_feedforward, dropout) for _ in range(num_layers)])
        self.dropout = nn.Dropout(dropout)

    def forward(self, x, mask=None):
        x = self.embedding(x)
        x = self.pos_encoding(x)
        x = self.dropout(x)
        for layer in self.layers:
            x = layer(x, mask)
        return x

# ç¤ºä¾‹ç”¨æ³•
if __name__ == ""__main__"":
    model = SimpleTransformer(num_layers=2, d_model=128, n_heads=4, dim_feedforward=512)
    input_seq = torch.randint(0, 1000, (32, 20))  # batch_size=32, sequence_length=20
    output = model(input_seq)
    print(""è¾“å‡ºç»´åº¦:"", output.shape)  # (32, 20, 128)
```

---

### âœ… è¾“å‡ºè¯´æ˜

```text
è¾“å‡ºç»´åº¦: torch.Size([32, 20, 128])
```

- `32`ï¼šbatch size
- `20`ï¼šåºåˆ—é•¿åº¦
- `128`ï¼šæ¨¡å‹ç»´åº¦ï¼ˆd_modelï¼‰

---

### ğŸ“š æ¨¡å‹ç»“æ„ç®€è¦è¯´æ˜

| æ¨¡å— | åŠŸèƒ½ |
|------|------|
| `Embedding` | å°†è¯ç´¢å¼•æ˜ å°„ä¸ºå‘é‡ |
| `PositionalEncoding` | æ·»åŠ ä½ç½®ä¿¡æ¯ |
| `SelfAttention` | è®¡ç®—æ³¨æ„åŠ›æƒé‡ |
| `Multi-head` | å¤šå¤´æ³¨æ„åŠ›ï¼ˆæœ¬ä¾‹ä¸­æœªå•ç‹¬å®ç°ï¼Œä½†å¯é€šè¿‡ `SelfAttention` + å¤šå¤´æ‹†åˆ†å®ç°ï¼‰ |
| `FeedForward` | ä¸¤å±‚å…¨è¿æ¥ç½‘ç»œ |
| `LayerNorm` | å±‚å½’ä¸€åŒ– |

---

### ğŸ“Œ åç»­å¯ä»¥æ‰©å±•çš„æ–¹å‘

- æ·»åŠ è§£ç å™¨éƒ¨åˆ†ï¼Œæ„å»ºå®Œæ•´çš„ Transformer
- å®ç° Maskingï¼ˆç”¨äºè§£ç å™¨ï¼‰
- æ·»åŠ å­¦ä¹ ç‡è°ƒåº¦å™¨ã€è®­ç»ƒå¾ªç¯
- ä½¿ç”¨ HuggingFace Transformers APIï¼ˆå¦‚ `transformers` åº“ï¼‰

---

å¦‚æœä½ å¸Œæœ›æˆ‘å¸®ä½ æ‰©å±•è¿™ä¸ªæ¨¡å‹ï¼Œæ¯”å¦‚åŠ å…¥è§£ç å™¨ã€è®­ç»ƒä¸€ä¸ªè¯­è¨€æ¨¡å‹ã€æˆ–è€…åšä¸€ä¸ªä¸­æ–‡æ–‡æœ¬åˆ†ç±»ä»»åŠ¡ï¼Œä¹Ÿå¯ä»¥å‘Šè¯‰æˆ‘ï¼Œæˆ‘å¯ä»¥ç»§ç»­å¸®ä½ å®Œå–„ ğŸ˜Š

ç¥ä½ å’Œå¢æº¶å¹¸ç¦å¿«ä¹ï¼ğŸ’•",2025-08-23 22:32:50
user,è®²è§£ä¸€ä¸‹å®ƒå‘—,2025-08-23 22:35:39
assistant,"å¥½çš„ï¼ä¸‹é¢æˆ‘å°†é€æ­¥è®²è§£è¿™ä¸ªç®€åŒ–ç‰ˆçš„ Transformer æ¨¡å‹ä»£ç ï¼Œå¸®åŠ©ä½ ç†è§£å…¶æ ¸å¿ƒç»„ä»¶å’Œå®ç°é€»è¾‘ã€‚ä»£ç ä¸»è¦åˆ†ä¸ºä»¥ä¸‹å‡ ä¸ªéƒ¨åˆ†ï¼š

---

### **1. ä½ç½®ç¼–ç ï¼ˆPositional Encodingï¼‰**
**ä½œç”¨**ï¼š  
Transformer æ¨¡å‹æœ¬èº«æ²¡æœ‰å¾ªç¯ç»“æ„ï¼ˆå¦‚ RNNï¼‰ï¼Œå› æ­¤éœ€è¦é€šè¿‡ä½ç½®ç¼–ç æ˜¾å¼åœ°ä¸ºè¾“å…¥åºåˆ—æ·»åŠ ä½ç½®ä¿¡æ¯ã€‚ä½ç½®ç¼–ç å¸®åŠ©æ¨¡å‹åŒºåˆ†ä¸åŒä½ç½®çš„è¯åºã€‚

**ä»£ç è§£æ**ï¼š
```python
class PositionalEncoding(nn.Module):
    def __init__(self, d_model, max_len=5000):
        super(PositionalEncoding, self).__init__()
        pe = torch.zeros(max_len, d_model)
        position = torch.arange(0, max_len, dtype=torch.float).unsqueeze(1)
        div_term = torch.exp(torch.arange(0, d_model, 2).float() * (-math.log(10000.0) / d_model))
        pe[:, 0::2] = torch.sin(position * div_term)
        pe[:, 1::2] = torch.cos(position * div_term)
        pe = pe.unsqueeze(0)  # å¢åŠ  batch ç»´åº¦
        self.register_buffer('pe', pe)
```

**å…³é”®ç‚¹**ï¼š
- `d_model`ï¼šè¯å‘é‡çš„ç»´åº¦ï¼ˆå¦‚ 512ï¼‰ã€‚
- `max_len`ï¼šåºåˆ—çš„æœ€å¤§é•¿åº¦ï¼ˆå¦‚ 5000ï¼‰ã€‚
- **æ­£å¼¦å’Œä½™å¼¦å‡½æ•°**ï¼š  
  é€šè¿‡ä¸åŒé¢‘ç‡çš„æ­£å¼¦å’Œä½™å¼¦å‡½æ•°ç”Ÿæˆä½ç½®ç¼–ç ã€‚ä¾‹å¦‚ï¼š
  - å¶æ•°ä½ç½®ç”¨ `sin`ï¼Œå¥‡æ•°ä½ç½®ç”¨ `cos`ã€‚
  - è¿™ç§è®¾è®¡å…è®¸æ¨¡å‹å­¦ä¹ ç›¸å¯¹ä½ç½®å…³ç³»ï¼ˆå¦‚â€œç¬¬5ä¸ªè¯åœ¨ç¬¬3ä¸ªè¯ä¹‹åâ€ï¼‰ã€‚

**å…¬å¼**ï¼š
$$
PE_{(pos, 2i)} = \sin\left(\frac{pos}{10000^{2i/d_{\text{model}}}}\right), \quad
PE_{(pos, 2i+1)} = \cos\left(\frac{pos}{10000^{2i/d_{\text{model}}}}\right)
$$

---

### **2. è‡ªæ³¨æ„åŠ›æœºåˆ¶ï¼ˆSelf-Attentionï¼‰**
**ä½œç”¨**ï¼š  
è‡ªæ³¨æ„åŠ›æœºåˆ¶å…è®¸æ¨¡å‹åœ¨å¤„ç†æ¯ä¸ªè¯æ—¶ï¼Œå…³æ³¨è¾“å…¥åºåˆ—ä¸­çš„æ‰€æœ‰è¯ï¼Œä»è€Œæ•æ‰é•¿è·ç¦»ä¾èµ–å…³ç³»ã€‚

**ä»£ç è§£æ**ï¼š
```python
class SelfAttention(nn.Module):
    def __init__(self, d_model, n_heads):
        super(SelfAttention, self).__init__()
        assert d_model % n_heads == 0, ""d_model must be divisible by n_heads""
        self.d_model = d_model
        self.n_heads = n_heads
        self.depth = d_model // n_heads

        self.wq = nn.Linear(d_model, d_model)
        self.wk = nn.Linear(d_model, d_model)
        self.wv = nn.Linear(d_model, d_model)
        self.dense = nn.Linear(d_model, d_model)
```

**å…³é”®ç‚¹**ï¼š
- **Query (Q)ã€Key (K)ã€Value (V)**ï¼š  
  é€šè¿‡çº¿æ€§å˜æ¢å°†è¾“å…¥æ˜ å°„åˆ° Qã€Kã€Vã€‚
- **å¤šå¤´æ³¨æ„åŠ›ï¼ˆMulti-Headï¼‰**ï¼š  
  å°† Qã€Kã€V æ‹†åˆ†ä¸ºå¤šä¸ªå¤´ï¼ˆ`n_heads`ï¼‰ï¼Œæ¯ä¸ªå¤´ç‹¬ç«‹è®¡ç®—æ³¨æ„åŠ›ï¼Œæœ€ååˆå¹¶ç»“æœã€‚
- **ç¼©æ”¾ç‚¹ç§¯æ³¨æ„åŠ›ï¼ˆScaled Dot-Productï¼‰**ï¼š  
  è®¡ç®—æ³¨æ„åŠ›æƒé‡æ—¶ï¼Œå¯¹ç‚¹ç§¯ç»“æœè¿›è¡Œç¼©æ”¾ï¼ˆé™¤ä»¥ $\sqrt{d_k}$ï¼‰ï¼Œé˜²æ­¢æ¢¯åº¦æ¶ˆå¤±ã€‚

**å…¬å¼**ï¼š
$$
\text{Attention}(Q, K, V) = \text{softmax}\left(\frac{QK^T}{\sqrt{d_k}}\right)V
$$

---

### **3. Transformer ç¼–ç å™¨å±‚ï¼ˆTransformer Blockï¼‰**
**ä½œç”¨**ï¼š  
Transformer ç¼–ç å™¨å±‚ç”±è‡ªæ³¨æ„åŠ›å’Œå‰é¦ˆç½‘ç»œï¼ˆFFNï¼‰ç»„æˆï¼Œæ˜¯ Transformer çš„åŸºæœ¬æ„å»ºå•å…ƒã€‚

**ä»£ç è§£æ**ï¼š
```python
class TransformerBlock(nn.Module):
    def __init__(self, d_model=512, n_heads=8, dim_feedforward=2048, dropout=0.1):
        super(TransformerBlock, self).__init__()
        self.attention = SelfAttention(d_model, n_heads)
        self.norm1 = nn.LayerNorm(d_model)
        self.norm2 = nn.LayerNorm(d_model)
        self.ffn = nn.Sequential(
            nn.Linear(d_model, dim_feedforward),
            nn.ReLU(),
            nn.Linear(dim_feedforward, d_model)
        )
        self.dropout = nn.Dropout(dropout)
```

**å…³é”®ç‚¹**ï¼š
- **æ®‹å·®è¿æ¥ï¼ˆResidual Connectionï¼‰**ï¼š  
  æ¯ä¸ªå­å±‚ï¼ˆæ³¨æ„åŠ›ã€FFNï¼‰çš„è¾“å‡ºé€šè¿‡æ®‹å·®è¿æ¥å’Œ LayerNorm å½’ä¸€åŒ–ã€‚
- **å‰é¦ˆç½‘ç»œï¼ˆFFNï¼‰**ï¼š  
  ä¸¤å±‚å…¨è¿æ¥ç½‘ç»œï¼Œéçº¿æ€§æ¿€æ´»ï¼ˆå¦‚ ReLUï¼‰å¢åŠ æ¨¡å‹è¡¨è¾¾èƒ½åŠ›ã€‚

**æµç¨‹å›¾**ï¼š
```
è¾“å…¥ -> è‡ªæ³¨æ„åŠ› -> æ®‹å·® + LayerNorm -> å‰é¦ˆç½‘ç»œ -> æ®‹å·® + LayerNorm -> è¾“å‡º
```

---

### **4. å®Œæ•´çš„ Transformer æ¨¡å‹**
**ä½œç”¨**ï¼š  
å°†åµŒå…¥å±‚ã€ä½ç½®ç¼–ç å’Œå¤šä¸ª Transformer ç¼–ç å™¨å±‚ç»„åˆæˆå®Œæ•´çš„æ¨¡å‹ã€‚

**ä»£ç è§£æ**ï¼š
```python
class SimpleTransformer(nn.Module):
    def __init__(self, num_layers=4, d_model=512, n_heads=8, dim_feedforward=2048, input_vocab_size=10000, max_len=100, dropout=0.1):
        super(SimpleTransformer, self).__init__()
        self.embedding = nn.Embedding(input_vocab_size, d_model)
        self.pos_encoding = PositionalEncoding(d_model, max_len)
        self.layers = nn.ModuleList([TransformerBlock(d_model, n_heads, dim_feedforward, dropout) for _ in range(num_layers)])
        self.dropout = nn.Dropout(dropout)
```

**å…³é”®ç‚¹**ï¼š
- **åµŒå…¥å±‚ï¼ˆEmbeddingï¼‰**ï¼š  
  å°†è¾“å…¥çš„è¯ç´¢å¼•ï¼ˆå¦‚ `[0, 1, 2, ...]`ï¼‰æ˜ å°„ä¸ºå‘é‡ã€‚
- **å¤šå±‚å †å **ï¼š  
  å¤šä¸ª Transformer ç¼–ç å™¨å±‚å †å ï¼Œå¢å¼ºæ¨¡å‹è¡¨è¾¾èƒ½åŠ›ï¼ˆå¦‚ `num_layers=4`ï¼‰ã€‚

---

### **5. ç¤ºä¾‹ç”¨æ³•**
**ä»£ç è§£æ**ï¼š
```python
if __name__ == ""__main__"":
    model = SimpleTransformer(num_layers=2, d_model=128, n_heads=4, dim_feedforward=512)
    input_seq = torch.randint(0, 1000, (32, 20))  # batch_size=32, sequence_length=20
    output = model(input_seq)
    print(""è¾“å‡ºç»´åº¦:"", output.shape)  # (32, 20, 128)
```

**è¾“å…¥è¾“å‡ºè¯´æ˜**ï¼š
- **è¾“å…¥**ï¼š`input_seq` æ˜¯å½¢çŠ¶ä¸º `(batch_size, seq_len)` çš„æ•´æ•°å¼ é‡ï¼Œè¡¨ç¤ºè¯ç´¢å¼•ã€‚
- **è¾“å‡º**ï¼š`output` æ˜¯å½¢çŠ¶ä¸º `(batch_size, seq_len, d_model)` çš„å¼ é‡ï¼Œè¡¨ç¤ºæ¯ä¸ªä½ç½®çš„ä¸Šä¸‹æ–‡æ„ŸçŸ¥å‘é‡ã€‚

---

### **6. æ¨¡å‹ç»“æ„æ€»ç»“**
| æ¨¡å— | åŠŸèƒ½ |
|------|------|
| **åµŒå…¥å±‚** | å°†è¯ç´¢å¼•æ˜ å°„ä¸ºå‘é‡ |
| **ä½ç½®ç¼–ç ** | æ·»åŠ ä½ç½®ä¿¡æ¯ |
| **è‡ªæ³¨æ„åŠ›** | æ•æ‰å…¨å±€ä¾èµ–å…³ç³» |
| **å‰é¦ˆç½‘ç»œ** | éçº¿æ€§å˜æ¢ |
| **æ®‹å·®è¿æ¥ + LayerNorm** | åŠ é€Ÿè®­ç»ƒã€é˜²æ­¢æ¢¯åº¦æ¶ˆå¤± |

---

### **7. æ‰©å±•æ–¹å‘**
- **æ·»åŠ è§£ç å™¨**ï¼šå®ç°å®Œæ•´çš„ Transformer æ¨¡å‹ï¼ˆå¦‚æœºå™¨ç¿»è¯‘ï¼‰ã€‚
- **Masking**ï¼šæ”¯æŒè§£ç å™¨çš„å› æœæ³¨æ„åŠ›ï¼ˆå¦‚ `nn.Transformer.generate_square_subsequent_mask`ï¼‰ã€‚
- **é¢„è®­ç»ƒ**ï¼šä½¿ç”¨ HuggingFace çš„ `transformers` åº“åŠ è½½é¢„è®­ç»ƒæ¨¡å‹ï¼ˆå¦‚ BERTã€GPTï¼‰ã€‚

å¸Œæœ›è¿™ä¸ªè®²è§£èƒ½å¸®åŠ©ä½ ç†è§£ Transformer çš„æ ¸å¿ƒæ€æƒ³å’Œå®ç°æ–¹å¼ï¼å¦‚æœæœ‰ä»»ä½•ç–‘é—®ï¼Œæ¬¢è¿éšæ—¶æé—® ğŸ˜Š",2025-08-23 22:36:56
